Day,Time,Supplier,Value
1,1,1,0
1,1,2,0
1,1,3,0
1,1,4,0
1,1,5,0
1,1,6,0
1,2,1,0
1,2,2,0
1,2,3,0
1,2,4,0
1,2,5,0
1,2,6,0
1,3,1,0
1,3,2,0
1,3,3,0
1,3,4,0
1,3,5,0
1,3,6,0
1,4,1,0
1,4,2,0
1,4,3,0
1,4,4,0
1,4,5,0
1,4,6,0
1,5,1,0
1,5,2,0
1,5,3,0
1,5,4,0
1,5,5,0
1,5,6,0
1,6,1,0
1,6,2,0
1,6,3,0
1,6,4,0
1,6,5,0
1,6,6,0
1,7,1,0
1,7,2,0
1,7,3,0
1,7,4,0
1,7,5,0
1,7,6,0
1,8,1,0
1,8,2,0
1,8,3,0
1,8,4,0
1,8,5,0
1,8,6,0
1,9,1,0
1,9,2,0
1,9,3,0
1,9,4,0
1,9,5,0
1,9,6,0
1,10,1,0
1,10,2,0
1,10,3,0
1,10,4,0
1,10,5,0
1,10,6,0
1,11,1,0
1,11,2,0
1,11,3,0
1,11,4,0
1,11,5,0
1,11,6,0
1,12,1,0
1,12,2,0
1,12,3,0
1,12,4,0
1,12,5,0
1,12,6,0
1,13,1,0
1,13,2,0
1,13,3,0
1,13,4,0
1,13,5,0
1,13,6,0
1,14,1,0
1,14,2,0
1,14,3,0
1,14,4,0
1,14,5,0
1,14,6,0
1,15,1,0
1,15,2,0
1,15,3,0
1,15,4,0
1,15,5,0
1,15,6,0
1,16,1,0
1,16,2,0
1,16,3,0
1,16,4,0
1,16,5,0
1,16,6,0
1,17,1,0
1,17,2,0
1,17,3,0
1,17,4,0
1,17,5,0
1,17,6,0
1,18,1,0
1,18,2,0
1,18,3,0
1,18,4,0
1,18,5,0
1,18,6,0
1,19,1,0
1,19,2,0
1,19,3,0
1,19,4,0
1,19,5,0
1,19,6,0
1,20,1,0
1,20,2,0
1,20,3,0
1,20,4,0
1,20,5,0
1,20,6,0
1,21,1,0
1,21,2,0
1,21,3,0
1,21,4,0
1,21,5,0
1,21,6,0
1,22,1,0
1,22,2,0
1,22,3,0
1,22,4,0
1,22,5,0
1,22,6,0
1,23,1,0
1,23,2,0
1,23,3,0
1,23,4,0
1,23,5,0
1,23,6,0
1,24,1,0
1,24,2,0
1,24,3,0
1,24,4,0
1,24,5,0
1,24,6,0
2,1,1,0
2,1,2,0
2,1,3,0
2,1,4,0
2,1,5,0
2,1,6,0
2,2,1,0
2,2,2,0
2,2,3,0
2,2,4,0
2,2,5,0
2,2,6,0
2,3,1,0
2,3,2,0
2,3,3,0
2,3,4,0
2,3,5,0
2,3,6,0
2,4,1,0
2,4,2,0
2,4,3,0
2,4,4,0
2,4,5,0
2,4,6,0
2,5,1,0
2,5,2,0
2,5,3,0
2,5,4,0
2,5,5,0
2,5,6,0
2,6,1,0
2,6,2,0
2,6,3,0
2,6,4,0
2,6,5,0
2,6,6,0
2,7,1,0
2,7,2,0
2,7,3,0
2,7,4,0
2,7,5,0
2,7,6,0
2,8,1,0
2,8,2,0
2,8,3,0
2,8,4,0
2,8,5,0
2,8,6,0
2,9,1,0
2,9,2,0
2,9,3,0
2,9,4,0
2,9,5,0
2,9,6,0
2,10,1,0
2,10,2,0
2,10,3,0
2,10,4,0
2,10,5,0
2,10,6,0
2,11,1,0
2,11,2,0
2,11,3,0
2,11,4,0
2,11,5,0
2,11,6,0
2,12,1,0
2,12,2,0
2,12,3,0
2,12,4,0
2,12,5,0
2,12,6,0
2,13,1,0
2,13,2,0
2,13,3,0
2,13,4,0
2,13,5,0
2,13,6,0
2,14,1,0
2,14,2,0
2,14,3,0
2,14,4,0
2,14,5,0
2,14,6,0
2,15,1,0
2,15,2,0
2,15,3,0
2,15,4,0
2,15,5,0
2,15,6,0
2,16,1,0
2,16,2,0
2,16,3,0
2,16,4,0
2,16,5,0
2,16,6,0
2,17,1,0
2,17,2,0
2,17,3,0
2,17,4,0
2,17,5,0
2,17,6,0
2,18,1,0
2,18,2,0
2,18,3,0
2,18,4,0
2,18,5,0
2,18,6,0
2,19,1,0
2,19,2,0
2,19,3,0
2,19,4,0
2,19,5,0
2,19,6,0
2,20,1,0
2,20,2,0
2,20,3,0
2,20,4,0
2,20,5,0
2,20,6,0
2,21,1,0
2,21,2,0
2,21,3,0
2,21,4,0
2,21,5,0
2,21,6,0
2,22,1,0
2,22,2,0
2,22,3,0
2,22,4,0
2,22,5,0
2,22,6,0
2,23,1,0
2,23,2,0
2,23,3,0
2,23,4,0
2,23,5,0
2,23,6,0
2,24,1,0
2,24,2,0
2,24,3,0
2,24,4,0
2,24,5,0
2,24,6,0
3,1,1,0
3,1,2,0
3,1,3,0
3,1,4,0
3,1,5,0
3,1,6,0
3,2,1,0
3,2,2,0
3,2,3,0
3,2,4,0
3,2,5,0
3,2,6,0
3,3,1,0
3,3,2,0
3,3,3,0
3,3,4,0
3,3,5,0
3,3,6,0
3,4,1,0
3,4,2,0
3,4,3,0
3,4,4,0
3,4,5,0
3,4,6,0
3,5,1,0
3,5,2,0
3,5,3,0
3,5,4,0
3,5,5,0
3,5,6,0
3,6,1,0
3,6,2,0
3,6,3,0
3,6,4,0
3,6,5,0
3,6,6,0
3,7,1,0
3,7,2,0
3,7,3,0
3,7,4,0
3,7,5,0
3,7,6,0
3,8,1,0
3,8,2,0
3,8,3,0
3,8,4,0
3,8,5,0
3,8,6,0
3,9,1,0
3,9,2,0
3,9,3,0
3,9,4,0
3,9,5,0
3,9,6,0
3,10,1,0
3,10,2,0
3,10,3,0
3,10,4,0
3,10,5,0
3,10,6,0
3,11,1,0
3,11,2,0
3,11,3,0
3,11,4,0
3,11,5,0
3,11,6,0
3,12,1,0
3,12,2,0
3,12,3,0
3,12,4,0
3,12,5,0
3,12,6,0
3,13,1,0
3,13,2,0
3,13,3,0
3,13,4,0
3,13,5,0
3,13,6,0
3,14,1,0
3,14,2,0
3,14,3,0
3,14,4,0
3,14,5,0
3,14,6,0
3,15,1,0
3,15,2,0
3,15,3,0
3,15,4,0
3,15,5,0
3,15,6,0
3,16,1,0
3,16,2,0
3,16,3,0
3,16,4,0
3,16,5,0
3,16,6,0
3,17,1,0
3,17,2,0
3,17,3,0
3,17,4,0
3,17,5,0
3,17,6,0
3,18,1,0
3,18,2,0
3,18,3,0
3,18,4,0
3,18,5,0
3,18,6,0
3,19,1,0
3,19,2,0
3,19,3,0
3,19,4,0
3,19,5,0
3,19,6,0
3,20,1,0
3,20,2,0
3,20,3,0
3,20,4,0
3,20,5,0
3,20,6,0
3,21,1,0
3,21,2,0
3,21,3,0
3,21,4,0
3,21,5,0
3,21,6,0
3,22,1,0
3,22,2,0
3,22,3,0
3,22,4,0
3,22,5,0
3,22,6,0
3,23,1,0
3,23,2,0
3,23,3,0
3,23,4,0
3,23,5,0
3,23,6,0
3,24,1,0
3,24,2,0
3,24,3,0
3,24,4,0
3,24,5,0
3,24,6,0
4,1,1,0
4,1,2,0
4,1,3,0
4,1,4,0
4,1,5,0
4,1,6,0
4,2,1,0
4,2,2,0
4,2,3,0
4,2,4,0
4,2,5,0
4,2,6,0
4,3,1,0
4,3,2,0
4,3,3,0
4,3,4,0
4,3,5,0
4,3,6,0
4,4,1,0
4,4,2,0
4,4,3,0
4,4,4,0
4,4,5,0
4,4,6,0
4,5,1,0
4,5,2,0
4,5,3,0
4,5,4,0
4,5,5,0
4,5,6,0
4,6,1,0
4,6,2,0
4,6,3,0
4,6,4,0
4,6,5,0
4,6,6,0
4,7,1,0
4,7,2,0
4,7,3,0
4,7,4,0
4,7,5,0
4,7,6,0
4,8,1,0
4,8,2,0
4,8,3,0
4,8,4,0
4,8,5,0
4,8,6,0
4,9,1,0
4,9,2,0
4,9,3,0
4,9,4,0
4,9,5,0
4,9,6,0
4,10,1,0
4,10,2,0
4,10,3,0
4,10,4,0
4,10,5,0
4,10,6,0
4,11,1,0
4,11,2,0
4,11,3,0
4,11,4,0
4,11,5,0
4,11,6,0
4,12,1,0
4,12,2,0
4,12,3,0
4,12,4,0
4,12,5,0
4,12,6,0
4,13,1,0
4,13,2,0
4,13,3,0
4,13,4,0
4,13,5,0
4,13,6,0
4,14,1,0
4,14,2,0
4,14,3,0
4,14,4,0
4,14,5,0
4,14,6,0
4,15,1,0
4,15,2,0
4,15,3,0
4,15,4,0
4,15,5,0
4,15,6,0
4,16,1,0
4,16,2,0
4,16,3,0
4,16,4,0
4,16,5,0
4,16,6,0
4,17,1,0
4,17,2,0
4,17,3,0
4,17,4,0
4,17,5,0
4,17,6,0
4,18,1,0
4,18,2,0
4,18,3,0
4,18,4,0
4,18,5,0
4,18,6,0
4,19,1,0
4,19,2,0
4,19,3,0
4,19,4,0
4,19,5,0
4,19,6,0
4,20,1,0
4,20,2,0
4,20,3,0
4,20,4,0
4,20,5,0
4,20,6,0
4,21,1,0
4,21,2,0
4,21,3,0
4,21,4,0
4,21,5,0
4,21,6,0
4,22,1,0
4,22,2,0
4,22,3,0
4,22,4,0
4,22,5,0
4,22,6,0
4,23,1,0
4,23,2,0
4,23,3,0
4,23,4,0
4,23,5,0
4,23,6,0
4,24,1,0
4,24,2,0
4,24,3,0
4,24,4,0
4,24,5,0
4,24,6,0
5,1,1,323.654937433
5,1,2,0
5,1,3,0
5,1,4,0
5,1,5,0
5,1,6,0
5,2,1,222.43290243
5,2,2,167.97428996
5,2,3,0
5,2,4,0
5,2,5,-1.136868377e-13
5,2,6,0
5,3,1,0
5,3,2,0
5,3,3,0
5,3,4,0
5,3,5,0
5,3,6,0
5,4,1,0
5,4,2,919.934885693
5,4,3,0
5,4,4,0
5,4,5,0
5,4,6,0
5,5,1,0
5,5,2,0
5,5,3,0
5,5,4,0
5,5,5,0
5,5,6,0
5,6,1,49.793733535
5,6,2,0
5,6,3,0
5,6,4,0
5,6,5,0
5,6,6,0
5,7,1,954.118426602
5,7,2,0
5,7,3,0
5,7,4,0
5,7,5,1.136868377e-13
5,7,6,0
5,8,1,0
5,8,2,0
5,8,3,0
5,8,4,0
5,8,5,0
5,8,6,0
5,9,1,0
5,9,2,292.911519496
5,9,3,919.729265214
5,9,4,0
5,9,5,0
5,9,6,0
5,10,1,0
5,10,2,0
5,10,3,630.270734786
5,10,4,0
5,10,5,0
5,10,6,0
5,11,1,1000
5,11,2,386.536595469
5,11,3,1000
5,11,4,0
5,11,5,0
5,11,6,0
5,12,1,0
5,12,2,0
5,12,3,0
5,12,4,0
5,12,5,0
5,12,6,0
5,13,1,0
5,13,2,782.642709382
5,13,3,0
5,13,4,0
5,13,5,0
5,13,6,0
5,14,1,1000
5,14,2,1000
5,14,3,1000
5,14,4,0
5,14,5,0
5,14,6,0
5,15,1,1000
5,15,2,1000
5,15,3,1000
5,15,4,0
5,15,5,0
5,15,6,0
5,16,1,1000
5,16,2,1000
5,16,3,1000
5,16,4,0
5,16,5,0
5,16,6,0
5,17,1,1000
5,17,2,1000
5,17,3,1000
5,17,4,0
5,17,5,0
5,17,6,0
5,18,1,1000
5,18,2,1000
5,18,3,1000
5,18,4,0
5,18,5,0
5,18,6,0
5,19,1,1000
5,19,2,1000
5,19,3,1000
5,19,4,0
5,19,5,0
5,19,6,0
5,20,1,487.179487179
5,20,2,487.179487179
5,20,3,487.179487179
5,20,4,0
5,20,5,0
5,20,6,0
5,21,1,237.343852728
5,21,2,237.343852728
5,21,3,237.343852728
5,21,4,0
5,21,5,0
5,21,6,0
5,22,1,95.786956118
5,22,2,115.629056457
5,22,3,115.629056457
5,22,4,0
5,22,5,0
5,22,6,0
5,23,1,0
5,23,2,0
5,23,3,0
5,23,4,0
5,23,5,0
5,23,6,0
5,24,1,0
5,24,2,0
5,24,3,0
5,24,4,0
5,24,5,0
5,24,6,0
6,1,1,0
6,1,2,0
6,1,3,0
6,1,4,0
6,1,5,0
6,1,6,0
6,2,1,0
6,2,2,0
6,2,3,0
6,2,4,0
6,2,5,0
6,2,6,0
6,3,1,0
6,3,2,0
6,3,3,0
6,3,4,0
6,3,5,0
6,3,6,0
6,4,1,0
6,4,2,0
6,4,3,0
6,4,4,0
6,4,5,0
6,4,6,0
6,5,1,0
6,5,2,0
6,5,3,0
6,5,4,0
6,5,5,0
6,5,6,0
6,6,1,0
6,6,2,0
6,6,3,0
6,6,4,0
6,6,5,0
6,6,6,0
6,7,1,0
6,7,2,0
6,7,3,0
6,7,4,0
6,7,5,0
6,7,6,0
6,8,1,0
6,8,2,0
6,8,3,0
6,8,4,0
6,8,5,0
6,8,6,0
6,9,1,0
6,9,2,0
6,9,3,0
6,9,4,0
6,9,5,0
6,9,6,0
6,10,1,0
6,10,2,0
6,10,3,0
6,10,4,0
6,10,5,0
6,10,6,0
6,11,1,0
6,11,2,0
6,11,3,0
6,11,4,0
6,11,5,0
6,11,6,0
6,12,1,0
6,12,2,0
6,12,3,0
6,12,4,0
6,12,5,0
6,12,6,0
6,13,1,0
6,13,2,0
6,13,3,0
6,13,4,0
6,13,5,0
6,13,6,0
6,14,1,0
6,14,2,0
6,14,3,0
6,14,4,0
6,14,5,0
6,14,6,0
6,15,1,0
6,15,2,0
6,15,3,0
6,15,4,0
6,15,5,0
6,15,6,0
6,16,1,0
6,16,2,0
6,16,3,0
6,16,4,0
6,16,5,0
6,16,6,0
6,17,1,0
6,17,2,0
6,17,3,0
6,17,4,0
6,17,5,0
6,17,6,0
6,18,1,0
6,18,2,0
6,18,3,0
6,18,4,0
6,18,5,0
6,18,6,0
6,19,1,0
6,19,2,0
6,19,3,0
6,19,4,0
6,19,5,0
6,19,6,0
6,20,1,0
6,20,2,0
6,20,3,0
6,20,4,0
6,20,5,0
6,20,6,0
6,21,1,0
6,21,2,0
6,21,3,0
6,21,4,0
6,21,5,0
6,21,6,0
6,22,1,0
6,22,2,0
6,22,3,0
6,22,4,0
6,22,5,0
6,22,6,0
6,23,1,0
6,23,2,0
6,23,3,0
6,23,4,0
6,23,5,0
6,23,6,0
6,24,1,0
6,24,2,0
6,24,3,0
6,24,4,0
6,24,5,0
6,24,6,0
7,1,1,0
7,1,2,0
7,1,3,0
7,1,4,0
7,1,5,0
7,1,6,0
7,2,1,0
7,2,2,0
7,2,3,456.503131169
7,2,4,0
7,2,5,0
7,2,6,0
7,3,1,0
7,3,2,0
7,3,3,323.140431917
7,3,4,0
7,3,5,0
7,3,6,0
7,4,1,124.206067593
7,4,2,0
7,4,3,1000
7,4,4,0
7,4,5,0
7,4,6,0
7,5,1,0
7,5,2,644.179808554
7,5,3,1000
7,5,4,0
7,5,5,0
7,5,6,0
7,6,1,0
7,6,2,0
7,6,3,0
7,6,4,0
7,6,5,0
7,6,6,0
7,7,1,0
7,7,2,0
7,7,3,0
7,7,4,0
7,7,5,0
7,7,6,0
7,8,1,0
7,8,2,90.492907402
7,8,3,0
7,8,4,0
7,8,5,0
7,8,6,0
7,9,1,0
7,9,2,0
7,9,3,0
7,9,4,0
7,9,5,0
7,9,6,0
7,10,1,441.523653683
7,10,2,0
7,10,3,0
7,10,4,0
7,10,5,0
7,10,6,0
7,11,1,0
7,11,2,13.953038006
7,11,3,0
7,11,4,0
7,11,5,0
7,11,6,0
7,12,1,1000
7,12,2,1000
7,12,3,731.990223647
7,12,4,0
7,12,5,0
7,12,6,0
7,13,1,0
7,13,2,1000
7,13,3,39.143066438
7,13,4,0
7,13,5,0
7,13,6,0
7,14,1,1000
7,14,2,1000
7,14,3,1000
7,14,4,0
7,14,5,0
7,14,6,0
7,15,1,1000
7,15,2,1000
7,15,3,1000
7,15,4,0
7,15,5,0
7,15,6,0
7,16,1,1000
7,16,2,1000
7,16,3,1000
7,16,4,0
7,16,5,0
7,16,6,0
7,17,1,565.317883675
7,17,2,487.179487179
7,17,3,487.179487179
7,17,4,0
7,17,5,0
7,17,6,0
7,18,1,275.411276662
7,18,2,237.343852728
7,18,3,237.343852728
7,18,4,0
7,18,5,0
7,18,6,0
7,19,1,134.174724528
7,19,2,115.629056457
7,19,3,115.629056457
7,19,4,0
7,19,5,0
7,19,6,0
7,20,1,65.367173488
7,20,2,56.332104428
7,20,3,56.332104428
7,20,4,0
7,20,5,0
7,20,6,0
7,21,1,31.845546058
7,21,2,27.443845747
7,21,3,27.443845747
7,21,4,0
7,21,5,0
7,21,6,0
7,22,1,15.514496798
7,22,2,13.370078697
7,22,3,13.370078697
7,22,4,0
7,22,5,0
7,22,6,0
7,23,1,7.558344594
7,23,2,6.513628083
7,23,3,6.513628083
7,23,4,0
7,23,5,0
7,23,6,0
7,24,1,3.682270443
7,24,2,3.173305989
7,24,3,3.173305989
7,24,4,0
7,24,5,0
7,24,6,0
8,1,1,0
8,1,2,0
8,1,3,0
8,1,4,0
8,1,5,0
8,1,6,0
8,2,1,0
8,2,2,0
8,2,3,0
8,2,4,0
8,2,5,0
8,2,6,0
8,3,1,0
8,3,2,0
8,3,3,0
8,3,4,0
8,3,5,0
8,3,6,0
8,4,1,0
8,4,2,0
8,4,3,0
8,4,4,0
8,4,5,0
8,4,6,0
8,5,1,0
8,5,2,0
8,5,3,0
8,5,4,0
8,5,5,0
8,5,6,0
8,6,1,0
8,6,2,0
8,6,3,0
8,6,4,0
8,6,5,0
8,6,6,0
8,7,1,0
8,7,2,0
8,7,3,0
8,7,4,0
8,7,5,0
8,7,6,0
8,8,1,0
8,8,2,0
8,8,3,0
8,8,4,0
8,8,5,0
8,8,6,0
8,9,1,0
8,9,2,0
8,9,3,0
8,9,4,0
8,9,5,0
8,9,6,0
8,10,1,0
8,10,2,0
8,10,3,0
8,10,4,0
8,10,5,0
8,10,6,0
8,11,1,0
8,11,2,0
8,11,3,0
8,11,4,0
8,11,5,0
8,11,6,0
8,12,1,0
8,12,2,0
8,12,3,0
8,12,4,0
8,12,5,0
8,12,6,0
8,13,1,0
8,13,2,0
8,13,3,0
8,13,4,0
8,13,5,0
8,13,6,0
8,14,1,0
8,14,2,0
8,14,3,0
8,14,4,0
8,14,5,0
8,14,6,0
8,15,1,0
8,15,2,0
8,15,3,0
8,15,4,0
8,15,5,0
8,15,6,0
8,16,1,0
8,16,2,0
8,16,3,0
8,16,4,0
8,16,5,0
8,16,6,0
8,17,1,0
8,17,2,0
8,17,3,0
8,17,4,0
8,17,5,0
8,17,6,0
8,18,1,0
8,18,2,0
8,18,3,0
8,18,4,0
8,18,5,0
8,18,6,0
8,19,1,0
8,19,2,0
8,19,3,0
8,19,4,0
8,19,5,0
8,19,6,0
8,20,1,0
8,20,2,0
8,20,3,0
8,20,4,0
8,20,5,0
8,20,6,0
8,21,1,0
8,21,2,0
8,21,3,0
8,21,4,0
8,21,5,0
8,21,6,0
8,22,1,0
8,22,2,0
8,22,3,0
8,22,4,0
8,22,5,0
8,22,6,0
8,23,1,0
8,23,2,0
8,23,3,0
8,23,4,0
8,23,5,0
8,23,6,0
8,24,1,0
8,24,2,0
8,24,3,0
8,24,4,0
8,24,5,0
8,24,6,0
9,1,1,0
9,1,2,0
9,1,3,0
9,1,4,0
9,1,5,0
9,1,6,0
9,2,1,0
9,2,2,0
9,2,3,0
9,2,4,0
9,2,5,0
9,2,6,0
9,3,1,0
9,3,2,0
9,3,3,0
9,3,4,0
9,3,5,0
9,3,6,0
9,4,1,0
9,4,2,0
9,4,3,0
9,4,4,0
9,4,5,0
9,4,6,0
9,5,1,0
9,5,2,0
9,5,3,0
9,5,4,0
9,5,5,0
9,5,6,0
9,6,1,0
9,6,2,0
9,6,3,0
9,6,4,0
9,6,5,0
9,6,6,0
9,7,1,0
9,7,2,0
9,7,3,0
9,7,4,0
9,7,5,0
9,7,6,0
9,8,1,0
9,8,2,0
9,8,3,0
9,8,4,0
9,8,5,0
9,8,6,0
9,9,1,0
9,9,2,0
9,9,3,0
9,9,4,0
9,9,5,0
9,9,6,0
9,10,1,0
9,10,2,0
9,10,3,0
9,10,4,0
9,10,5,0
9,10,6,0
9,11,1,0
9,11,2,0
9,11,3,0
9,11,4,0
9,11,5,0
9,11,6,0
9,12,1,0
9,12,2,0
9,12,3,0
9,12,4,0
9,12,5,0
9,12,6,0
9,13,1,0
9,13,2,0
9,13,3,0
9,13,4,0
9,13,5,0
9,13,6,0
9,14,1,0
9,14,2,0
9,14,3,0
9,14,4,0
9,14,5,0
9,14,6,0
9,15,1,0
9,15,2,0
9,15,3,0
9,15,4,0
9,15,5,0
9,15,6,0
9,16,1,0
9,16,2,0
9,16,3,0
9,16,4,0
9,16,5,0
9,16,6,0
9,17,1,0
9,17,2,0
9,17,3,0
9,17,4,0
9,17,5,0
9,17,6,0
9,18,1,0
9,18,2,0
9,18,3,0
9,18,4,0
9,18,5,0
9,18,6,0
9,19,1,0
9,19,2,0
9,19,3,0
9,19,4,0
9,19,5,0
9,19,6,0
9,20,1,0
9,20,2,0
9,20,3,0
9,20,4,0
9,20,5,0
9,20,6,0
9,21,1,0
9,21,2,0
9,21,3,0
9,21,4,0
9,21,5,0
9,21,6,0
9,22,1,0
9,22,2,0
9,22,3,0
9,22,4,0
9,22,5,0
9,22,6,0
9,23,1,0
9,23,2,0
9,23,3,0
9,23,4,0
9,23,5,0
9,23,6,0
9,24,1,0
9,24,2,0
9,24,3,0
9,24,4,0
9,24,5,0
9,24,6,0
10,1,1,0
10,1,2,0
10,1,3,0
10,1,4,0
10,1,5,0
10,1,6,0
10,2,1,0
10,2,2,0
10,2,3,0
10,2,4,0
10,2,5,0
10,2,6,0
10,3,1,0
10,3,2,0
10,3,3,0
10,3,4,0
10,3,5,0
10,3,6,0
10,4,1,0
10,4,2,0
10,4,3,0
10,4,4,0
10,4,5,0
10,4,6,0
10,5,1,0
10,5,2,0
10,5,3,0
10,5,4,0
10,5,5,0
10,5,6,0
10,6,1,0
10,6,2,0
10,6,3,0
10,6,4,0
10,6,5,0
10,6,6,0
10,7,1,0
10,7,2,0
10,7,3,0
10,7,4,0
10,7,5,0
10,7,6,0
10,8,1,0
10,8,2,0
10,8,3,0
10,8,4,0
10,8,5,0
10,8,6,0
10,9,1,0
10,9,2,0
10,9,3,0
10,9,4,0
10,9,5,0
10,9,6,0
10,10,1,0
10,10,2,0
10,10,3,0
10,10,4,0
10,10,5,0
10,10,6,0
10,11,1,0
10,11,2,0
10,11,3,0
10,11,4,0
10,11,5,0
10,11,6,0
10,12,1,0
10,12,2,0
10,12,3,0
10,12,4,0
10,12,5,0
10,12,6,0
10,13,1,0
10,13,2,0
10,13,3,0
10,13,4,0
10,13,5,0
10,13,6,0
10,14,1,0
10,14,2,0
10,14,3,0
10,14,4,0
10,14,5,0
10,14,6,0
10,15,1,0
10,15,2,0
10,15,3,0
10,15,4,0
10,15,5,0
10,15,6,0
10,16,1,0
10,16,2,0
10,16,3,0
10,16,4,0
10,16,5,0
10,16,6,0
10,17,1,0
10,17,2,0
10,17,3,0
10,17,4,0
10,17,5,0
10,17,6,0
10,18,1,0
10,18,2,0
10,18,3,0
10,18,4,0
10,18,5,0
10,18,6,0
10,19,1,0
10,19,2,0
10,19,3,0
10,19,4,0
10,19,5,0
10,19,6,0
10,20,1,0
10,20,2,0
10,20,3,0
10,20,4,0
10,20,5,0
10,20,6,0
10,21,1,0
10,21,2,0
10,21,3,0
10,21,4,0
10,21,5,0
10,21,6,0
10,22,1,0
10,22,2,0
10,22,3,0
10,22,4,0
10,22,5,0
10,22,6,0
10,23,1,0
10,23,2,0
10,23,3,0
10,23,4,0
10,23,5,0
10,23,6,0
10,24,1,0
10,24,2,0
10,24,3,0
10,24,4,0
10,24,5,0
10,24,6,0
11,1,1,0
11,1,2,0
11,1,3,0
11,1,4,0
11,1,5,0
11,1,6,0
11,2,1,0
11,2,2,0
11,2,3,0
11,2,4,0
11,2,5,0
11,2,6,0
11,3,1,0
11,3,2,0
11,3,3,0
11,3,4,0
11,3,5,0
11,3,6,0
11,4,1,0
11,4,2,0
11,4,3,0
11,4,4,0
11,4,5,0
11,4,6,0
11,5,1,0
11,5,2,0
11,5,3,0
11,5,4,0
11,5,5,0
11,5,6,0
11,6,1,0
11,6,2,0
11,6,3,0
11,6,4,0
11,6,5,0
11,6,6,0
11,7,1,0
11,7,2,0
11,7,3,0
11,7,4,0
11,7,5,0
11,7,6,0
11,8,1,0
11,8,2,0
11,8,3,0
11,8,4,0
11,8,5,0
11,8,6,0
11,9,1,0
11,9,2,0
11,9,3,0
11,9,4,0
11,9,5,0
11,9,6,0
11,10,1,0
11,10,2,0
11,10,3,0
11,10,4,0
11,10,5,0
11,10,6,0
11,11,1,0
11,11,2,0
11,11,3,0
11,11,4,0
11,11,5,0
11,11,6,0
11,12,1,0
11,12,2,0
11,12,3,0
11,12,4,0
11,12,5,0
11,12,6,0
11,13,1,0
11,13,2,0
11,13,3,0
11,13,4,0
11,13,5,0
11,13,6,0
11,14,1,0
11,14,2,0
11,14,3,0
11,14,4,0
11,14,5,0
11,14,6,0
11,15,1,0
11,15,2,0
11,15,3,0
11,15,4,0
11,15,5,0
11,15,6,0
11,16,1,0
11,16,2,0
11,16,3,0
11,16,4,0
11,16,5,0
11,16,6,0
11,17,1,0
11,17,2,0
11,17,3,0
11,17,4,0
11,17,5,0
11,17,6,0
11,18,1,0
11,18,2,0
11,18,3,0
11,18,4,0
11,18,5,0
11,18,6,0
11,19,1,0
11,19,2,0
11,19,3,0
11,19,4,0
11,19,5,0
11,19,6,0
11,20,1,0
11,20,2,0
11,20,3,0
11,20,4,0
11,20,5,0
11,20,6,0
11,21,1,0
11,21,2,0
11,21,3,0
11,21,4,0
11,21,5,0
11,21,6,0
11,22,1,0
11,22,2,0
11,22,3,0
11,22,4,0
11,22,5,0
11,22,6,0
11,23,1,0
11,23,2,0
11,23,3,0
11,23,4,0
11,23,5,0
11,23,6,0
11,24,1,0
11,24,2,0
11,24,3,0
11,24,4,0
11,24,5,0
11,24,6,0
12,1,1,0
12,1,2,399.657017387
12,1,3,0
12,1,4,0
12,1,5,0
12,1,6,0
12,2,1,116.597585161
12,2,2,0
12,2,3,0
12,2,4,0
12,2,5,0
12,2,6,0
12,3,1,48.691134874
12,3,2,0
12,3,3,0
12,3,4,0
12,3,5,0
12,3,6,0
12,4,1,0
12,4,2,0
12,4,3,0
12,4,4,0
12,4,5,0
12,4,6,0
12,5,1,79.700618267
12,5,2,0
12,5,3,0
12,5,4,0
12,5,5,0
12,5,6,0
12,6,1,63.30445003
12,6,2,109.049680228
12,6,3,0
12,6,4,0
12,6,5,0
12,6,6,0
12,7,1,0
12,7,2,41.293302385
12,7,3,0
12,7,4,0
12,7,5,0
12,7,6,0
12,8,1,0
12,8,2,0
12,8,3,0
12,8,4,0
12,8,5,0
12,8,6,0
12,9,1,0
12,9,2,0
12,9,3,0
12,9,4,0
12,9,5,0
12,9,6,0
12,10,1,0
12,10,2,0
12,10,3,0
12,10,4,0
12,10,5,0
12,10,6,0
12,11,1,241.706211667
12,11,2,0
12,11,3,550
12,11,4,0
12,11,5,0
12,11,6,0
12,12,1,0
12,12,2,0
12,12,3,0
12,12,4,0
12,12,5,0
12,12,6,0
12,13,1,0
12,13,2,0
12,13,3,0
12,13,4,0
12,13,5,0
12,13,6,0
12,14,1,1000
12,14,2,1000
12,14,3,1000
12,14,4,0
12,14,5,0
12,14,6,0
12,15,1,1000
12,15,2,1000
12,15,3,1000
12,15,4,0
12,15,5,0
12,15,6,0
12,16,1,1000
12,16,2,1000
12,16,3,1000
12,16,4,0
12,16,5,0
12,16,6,0
12,17,1,1000
12,17,2,1000
12,17,3,1000
12,17,4,0
12,17,5,0
12,17,6,0
12,18,1,1000
12,18,2,1000
12,18,3,1000
12,18,4,0
12,18,5,0
12,18,6,0
12,19,1,1000
12,19,2,1000
12,19,3,1000
12,19,4,0
12,19,5,0
12,19,6,0
12,20,1,1000
12,20,2,1000
12,20,3,1000
12,20,4,0
12,20,5,0
12,20,6,0
12,21,1,1000
12,21,2,1000
12,21,3,1000
12,21,4,0
12,21,5,0
12,21,6,0
12,22,1,0
12,22,2,0
12,22,3,320.82660109
12,22,4,0
12,22,5,0
12,22,6,0
12,23,1,487.179487179
12,23,2,448.079546835
12,23,3,322.653025082
12,23,4,0
12,23,5,0
12,23,6,0
12,24,1,237.343852728
12,24,2,257.395104187
12,24,3,157.189935296
12,24,4,0
12,24,5,0
12,24,6,0
13,1,1,0
13,1,2,0
13,1,3,0
13,1,4,0
13,1,5,0
13,1,6,0
13,2,1,0
13,2,2,0
13,2,3,0
13,2,4,0
13,2,5,0
13,2,6,0
13,3,1,0
13,3,2,0
13,3,3,0
13,3,4,0
13,3,5,0
13,3,6,0
13,4,1,0
13,4,2,0
13,4,3,0
13,4,4,0
13,4,5,0
13,4,6,0
13,5,1,0
13,5,2,0
13,5,3,0
13,5,4,0
13,5,5,0
13,5,6,0
13,6,1,0
13,6,2,0
13,6,3,0
13,6,4,0
13,6,5,0
13,6,6,0
13,7,1,0
13,7,2,0
13,7,3,0
13,7,4,0
13,7,5,0
13,7,6,0
13,8,1,0
13,8,2,0
13,8,3,0
13,8,4,0
13,8,5,0
13,8,6,0
13,9,1,0
13,9,2,0
13,9,3,0
13,9,4,0
13,9,5,0
13,9,6,0
13,10,1,0
13,10,2,0
13,10,3,0
13,10,4,0
13,10,5,0
13,10,6,0
13,11,1,0
13,11,2,0
13,11,3,0
13,11,4,0
13,11,5,0
13,11,6,0
13,12,1,0
13,12,2,0
13,12,3,0
13,12,4,0
13,12,5,0
13,12,6,0
13,13,1,0
13,13,2,0
13,13,3,0
13,13,4,0
13,13,5,0
13,13,6,0
13,14,1,0
13,14,2,0
13,14,3,0
13,14,4,0
13,14,5,0
13,14,6,0
13,15,1,0
13,15,2,0
13,15,3,0
13,15,4,0
13,15,5,0
13,15,6,0
13,16,1,0
13,16,2,0
13,16,3,0
13,16,4,0
13,16,5,0
13,16,6,0
13,17,1,0
13,17,2,0
13,17,3,0
13,17,4,0
13,17,5,0
13,17,6,0
13,18,1,0
13,18,2,0
13,18,3,0
13,18,4,0
13,18,5,0
13,18,6,0
13,19,1,0
13,19,2,0
13,19,3,0
13,19,4,0
13,19,5,0
13,19,6,0
13,20,1,0
13,20,2,0
13,20,3,0
13,20,4,0
13,20,5,0
13,20,6,0
13,21,1,0
13,21,2,0
13,21,3,0
13,21,4,0
13,21,5,0
13,21,6,0
13,22,1,0
13,22,2,0
13,22,3,0
13,22,4,0
13,22,5,0
13,22,6,0
13,23,1,0
13,23,2,0
13,23,3,0
13,23,4,0
13,23,5,0
13,23,6,0
13,24,1,0
13,24,2,0
13,24,3,0
13,24,4,0
13,24,5,0
13,24,6,0
14,1,1,0
14,1,2,0
14,1,3,908.54321945
14,1,4,0
14,1,5,0
14,1,6,0
14,2,1,0
14,2,2,24.13925437
14,2,3,741.478003374
14,2,4,0
14,2,5,0
14,2,6,0
14,3,1,0
14,3,2,406.8069108
14,3,3,0
14,3,4,0
14,3,5,0
14,3,6,0
14,4,1,1000
14,4,2,473.072703043
14,4,3,0
14,4,4,0
14,4,5,0
14,4,6,0
14,5,1,336.21697105
14,5,2,1000
14,5,3,361.232873439
14,5,4,0
14,5,5,0
14,5,6,0
14,6,1,916.973107919
14,6,2,364.737322831
14,6,3,175.985246034
14,6,4,0
14,6,5,0
14,6,6,0
14,7,1,0
14,7,2,271.518848544
14,7,3,0
14,7,4,0
14,7,5,0
14,7,6,0
14,8,1,0
14,8,2,0
14,8,3,0
14,8,4,0
14,8,5,0
14,8,6,0
14,9,1,0
14,9,2,425.290305084
14,9,3,0
14,9,4,0
14,9,5,0
14,9,6,0
14,10,1,0
14,10,2,0
14,10,3,0
14,10,4,0
14,10,5,0
14,10,6,0
14,11,1,0
14,11,2,0
14,11,3,0
14,11,4,0
14,11,5,0
14,11,6,0
14,12,1,0
14,12,2,0
14,12,3,0
14,12,4,0
14,12,5,0
14,12,6,0
14,13,1,1000
14,13,2,456.326760765
14,13,3,0
14,13,4,0
14,13,5,0
14,13,6,0
14,14,1,1000
14,14,2,1000
14,14,3,1000
14,14,4,0
14,14,5,0
14,14,6,0
14,15,1,487.179487179
14,15,2,875.785826803
14,15,3,595.420656035
14,15,4,-2.841296429e-13
14,15,5,0
14,15,6,0
14,16,1,237.343852728
14,16,2,426.664889981
14,16,3,290.076729863
14,16,4,-1.384221337e-13
14,16,5,0
14,16,6,0
14,17,1,115.629056457
14,17,2,207.862382298
14,17,3,141.319432497
14,17,4,0
14,17,5,0
14,17,6,0
14,18,1,56.332104428
14,18,2,101.266288812
14,18,3,68.847928653
14,18,4,0
14,18,5,0
14,18,6,0
14,19,1,27.443845747
14,19,2,49.334858652
14,19,3,33.541298574
14,19,4,0
14,19,5,0
14,19,6,0
14,20,1,13.370078697
14,20,2,24.034931138
14,20,3,16.340632639
14,20,4,0
14,20,5,0
14,20,6,0
14,21,1,6.513628083
14,21,2,11.709325426
14,21,3,7.960821029
14,21,4,0
14,21,5,0
14,21,6,0
14,22,1,3.173305989
14,22,2,5.704543156
14,22,3,3.878348707
14,22,4,0
14,22,5,0
14,22,6,0
14,23,1,1.545969585
14,23,2,2.77913641
14,23,3,1.889451934
14,23,4,0
14,23,5,0
14,23,6,0
14,24,1,0.753164669
14,24,2,1.353938251
14,24,3,0.920502224
14,24,4,0
14,24,5,0
14,24,6,0
15,1,1,0.366926377
15,1,2,0.659610943
15,1,3,0.448449802
15,1,4,0
15,1,5,0
15,1,6,0
15,2,1,0
15,2,2,0
15,2,3,0.218475544
15,2,4,0
15,2,5,0
15,2,6,0
15,3,1,0
15,3,2,0
15,3,3,0.106436804
15,3,4,0
15,3,5,0
15,3,6,0
15,4,1,0
15,4,2,0
15,4,3,0.051853827
15,4,4,0
15,4,5,0
15,4,6,0
15,5,1,0
15,5,2,0
15,5,3,0.025262121
15,5,4,0
15,5,5,0
15,5,6,0
15,6,1,0
15,6,2,0.321348921
15,6,3,0.012307187
15,6,4,0
15,6,5,0
15,6,6,0
15,7,1,0.178759004
15,7,2,0.156554602
15,7,3,0.005995809
15,7,4,0
15,7,5,0
15,7,6,0
15,8,1,0
15,8,2,0
15,8,3,0
15,8,4,0
15,8,5,0
15,8,6,0
15,9,1,462.907600541
15,9,2,133.360208984
15,9,3,0
15,9,4,0
15,9,5,0
15,9,6,0
15,10,1,0
15,10,2,0
15,10,3,0
15,10,4,0
15,10,5,0
15,10,6,0
15,11,1,51.605745897
15,11,2,0
15,11,3,0
15,11,4,0
15,11,5,0
15,11,6,0
15,12,1,0
15,12,2,0
15,12,3,0
15,12,4,0
15,12,5,0
15,12,6,0
15,13,1,479.468084552
15,13,2,0
15,13,3,0
15,13,4,0
15,13,5,0
15,13,6,0
15,14,1,0
15,14,2,0
15,14,3,0
15,14,4,0
15,14,5,0
15,14,6,0
15,15,1,0
15,15,2,0
15,15,3,0.002921035
15,15,4,0
15,15,5,0
15,15,6,0
15,16,1,0
15,16,2,64.970358223
15,16,3,0
15,16,4,0
15,16,5,0
15,16,6,0
15,17,1,0
15,17,2,0
15,17,3,0
15,17,4,0
15,17,5,0
15,17,6,0
15,18,1,0
15,18,2,31.652225801
15,18,3,0
15,18,4,0
15,18,5,0
15,18,6,0
15,19,1,0
15,19,2,0
15,19,3,0
15,19,4,0
15,19,5,0
15,19,6,0
15,20,1,0
15,20,2,0
15,20,3,0
15,20,4,0
15,20,5,0
15,20,6,0
15,21,1,0
15,21,2,15.420315134
15,21,3,0
15,21,4,0
15,21,5,0
15,21,6,0
15,22,1,0
15,22,2,0
15,22,3,0
15,22,4,0
15,22,5,0
15,22,6,0
15,23,1,0
15,23,2,7.512461219
15,23,3,0
15,23,4,0
15,23,5,0
15,23,6,0
15,24,1,12.680036376
15,24,2,0
15,24,3,0
15,24,4,0
15,24,5,0
15,24,6,0
16,1,1,0
16,1,2,0
16,1,3,0
16,1,4,0
16,1,5,0
16,1,6,0
16,2,1,0
16,2,2,0
16,2,3,0
16,2,4,0
16,2,5,0
16,2,6,0
16,3,1,0
16,3,2,0
16,3,3,0
16,3,4,0
16,3,5,0
16,3,6,0
16,4,1,0
16,4,2,3.659917004
16,4,3,0
16,4,4,0
16,4,5,0
16,4,6,0
16,5,1,0
16,5,2,0
16,5,3,0
16,5,4,0
16,5,5,0
16,5,6,0
16,6,1,132.696860759
16,6,2,1.783036489
16,6,3,0
16,6,4,0
16,6,5,0
16,6,6,0
16,7,1,159.03476061
16,7,2,0.868658802
16,7,3,0
16,7,4,0
16,7,5,0
16,7,6,0
16,8,1,0
16,8,2,0
16,8,3,0
16,8,4,0
16,8,5,0
16,8,6,0
16,9,1,0
16,9,2,0
16,9,3,0
16,9,4,0
16,9,5,0
16,9,6,0
16,10,1,0
16,10,2,0
16,10,3,0
16,10,4,0
16,10,5,0
16,10,6,0
16,11,1,0
16,11,2,0
16,11,3,0
16,11,4,0
16,11,5,0
16,11,6,0
16,12,1,0
16,12,2,0
16,12,3,0
16,12,4,0
16,12,5,0
16,12,6,0
16,13,1,0
16,13,2,0
16,13,3,0
16,13,4,0
16,13,5,0
16,13,6,0
16,14,1,0
16,14,2,0
16,14,3,0
16,14,4,0
16,14,5,0
16,14,6,0
16,15,1,0
16,15,2,0
16,15,3,0.001423068
16,15,4,0
16,15,5,0
16,15,6,0
16,16,1,0
16,16,2,0.42319275
16,16,3,0
16,16,4,0
16,16,5,0
16,16,6,0
16,17,1,125.492506452
16,17,2,0.206170827
16,17,3,0.00069329
16,17,4,0
16,17,5,0
16,17,6,0
16,18,1,61.137374938
16,18,2,0.100442198
16,18,3,0.000337757
16,18,4,0
16,18,5,0
16,18,6,0
16,19,1,29.78487497
16,19,2,0.048933378
16,19,3,0.000164548
16,19,4,0
16,19,5,0
16,19,6,0
16,20,1,0
16,20,2,0.023839338
16,20,3,0
16,20,4,0
16,20,5,0
16,20,6,0
16,21,1,14.510580114
16,21,2,0
16,21,3,0.000080164
16,21,4,0
16,21,5,0
16,21,6,0
16,22,1,0
16,22,2,0
16,22,3,0.000039054
16,22,4,0
16,22,5,0
16,22,6,0
16,23,1,7.069256978
16,23,2,0.011614037
16,23,3,0.000019027
16,23,4,0
16,23,5,0
16,23,6,0
16,24,1,3.443996989
16,24,2,0.00565812
16,24,3,9.269338561e-06
16,24,4,0
16,24,5,0
16,24,6,0
17,1,1,1.677844687
17,1,2,0.00275652
17,1,3,4.515831606e-06
17,1,4,0
17,1,5,0
17,1,6,0
17,2,1,0.817411514
17,2,2,0.00134292
17,2,3,2.200020526e-06
17,2,4,0
17,2,5,0
17,2,6,0
17,3,1,0.398226122
17,3,2,0.000654243
17,3,3,1.071804872e-06
17,3,4,0
17,3,5,0
17,3,6,0
17,4,1,0.194007598
17,4,2,0.000318734
17,4,3,5.221613478e-07
17,4,4,0
17,4,5,0
17,4,6,0
17,5,1,0
17,5,2,0
17,5,3,0
17,5,4,0
17,5,5,0
17,5,6,0
17,6,1,0.094516522
17,6,2,0.000155281
17,6,3,2.543862976e-07
17,6,4,0
17,6,5,0
17,6,6,0
17,7,1,0.046046511
17,7,2,0.00007565
17,7,3,1.239317860e-07
17,7,4,0
17,7,5,0
17,7,6,0
17,8,1,0.022432916
17,8,2,0.000036855
17,8,3,6.037702396e-08
17,8,4,0
17,8,5,0
17,8,6,0
17,9,1,0
17,9,2,0
17,9,3,0
17,9,4,0
17,9,5,0
17,9,6,0
17,10,1,0.010928856
17,10,2,0.000017955
17,10,3,2.941444757e-08
17,10,4,0
17,10,5,0
17,10,6,0
17,11,1,0.005324315
17,11,2,8.747281998e-06
17,11,3,1.433011548e-08
17,11,4,0
17,11,5,0
17,11,6,0
17,12,1,0.002593897
17,12,2,4.261496358e-06
17,12,3,6.981338312e-09
17,12,4,0
17,12,5,0
17,12,6,0
17,13,1,0.001263693
17,13,2,2.076113610e-06
17,13,3,3.401164819e-09
17,13,4,0
17,13,5,0
17,13,6,0
17,14,1,0.000615645
17,14,2,1.011439964e-06
17,14,3,1.656977732e-09
17,14,4,0
17,14,5,0
17,14,6,0
17,15,1,0.00029993
17,15,2,4.927528030e-07
17,15,3,8.072455619e-10
17,15,4,0
17,15,5,0
17,15,6,0
17,16,1,0.00014612
17,16,2,2.400590579e-07
17,16,3,3.932734789e-10
17,16,4,0
17,16,5,0
17,16,6,0
17,17,1,0.000071187
17,17,2,1.169518487e-07
17,17,3,1.915947718e-10
17,17,4,0
17,17,5,0
17,17,6,0
17,18,1,0.000034681
17,18,2,5.697654167e-08
17,18,3,9.334104265e-11
17,18,4,0
17,18,5,0
17,18,6,0
17,19,1,0.000016896
17,19,2,2.775780235e-08
17,19,3,4.547384129e-11
17,19,4,0
17,19,5,0
17,19,6,0
17,20,1,8.231228422e-06
17,20,2,1.352303192e-08
17,20,3,2.215392268e-11
17,20,4,0
17,20,5,0
17,20,6,0
17,21,1,4.010085642e-06
17,21,2,6.588143754e-09
17,21,3,1.079293669e-11
17,21,4,0
17,21,5,0
17,21,6,0
17,22,1,1.953631466e-06
17,22,2,3.209608496e-09
17,22,3,5.258097362e-12
17,22,4,0
17,22,5,0
17,22,6,0
17,23,1,9.517691759e-07
17,23,2,1.563655421e-09
17,23,3,2.561637176e-12
17,23,4,0
17,23,5,0
17,23,6,0
17,24,1,4.636824190e-07
17,24,2,7.617808461e-10
17,24,3,1.247977086e-12
17,24,4,0
17,24,5,0
17,24,6,0
18,1,1,0
18,1,2,0
18,1,3,1.185578232e-12
18,1,4,0
18,1,5,0
18,1,6,0
18,2,1,0
18,2,2,0
18,2,3,0
18,2,4,0
18,2,5,0
18,2,6,0
18,3,1,0
18,3,2,0
18,3,3,0
18,3,4,0
18,3,5,0
18,3,6,0
18,4,1,0
18,4,2,0
18,4,3,0
18,4,4,0
18,4,5,0
18,4,6,0
18,5,1,0
18,5,2,0
18,5,3,0
18,5,4,0
18,5,5,0
18,5,6,0
18,6,1,0
18,6,2,0
18,6,3,0
18,6,4,0
18,6,5,0
18,6,6,0
18,7,1,0
18,7,2,0
18,7,3,0
18,7,4,0
18,7,5,0
18,7,6,0
18,8,1,0
18,8,2,0
18,8,3,0
18,8,4,0
18,8,5,0
18,8,6,0
18,9,1,0
18,9,2,0
18,9,3,0
18,9,4,0
18,9,5,0
18,9,6,0
18,10,1,2.258965631e-07
18,10,2,3.711240019e-10
18,10,3,0
18,10,4,0
18,10,5,0
18,10,6,0
18,11,1,1.100521718e-07
18,11,2,1.808040009e-10
18,11,3,0
18,11,4,0
18,11,5,0
18,11,6,0
18,12,1,185.382907483
18,12,2,8.808400046e-11
18,12,3,0
18,12,4,0
18,12,5,0
18,12,6,0
18,13,1,0
18,13,2,4.291271817e-11
18,13,3,89.115743829
18,13,4,0
18,13,5,0
18,13,6,0
18,14,1,0
18,14,2,0
18,14,3,43.415362378
18,14,4,0
18,14,5,0
18,14,6,0
18,15,1,0
18,15,2,0
18,15,3,0
18,15,4,0
18,15,5,0
18,15,6,0
18,16,1,0
18,16,2,0
18,16,3,0
18,16,4,0
18,16,5,0
18,16,6,0
18,17,1,322.755430081
18,17,2,0
18,17,3,0
18,17,4,0
18,17,5,0
18,17,6,0
18,18,1,0
18,18,2,0
18,18,3,0
18,18,4,0
18,18,5,0
18,18,6,0
18,19,1,157.239824911
18,19,2,2.090619603e-11
18,19,3,0
18,19,4,0
18,19,5,0
18,19,6,0
18,20,1,76.604017265
18,20,2,0
18,20,3,0
18,20,4,0
18,20,5,0
18,20,6,0
18,21,1,0
18,21,2,0
18,21,3,21.151073979
18,21,4,0
18,21,5,0
18,21,6,0
18,22,1,37.319905847
18,22,2,1.018506986e-11
18,22,3,10.304369375
18,22,4,0
18,22,5,0
18,22,6,0
18,23,1,0
18,23,2,0
18,23,3,0
18,23,4,0
18,23,5,0
18,23,6,0
18,24,1,0
18,24,2,0
18,24,3,0
18,24,4,0
18,24,5,0
18,24,6,0
